ID;Name;Geschlecht;Entdecken;Anlass;Jahreszeit;Dufttyp;Beschreibung;Link
ARES;ARES (Limited Edition);Unisex;Topliste, Trends;Freizeit, Ausgehen, Date;Herbst, Winter;Würzig, Orientalisch, Ledrig, Holzig, Harzig;Ein warmer, kraftvoller Duft, der Stärke und Leidenschaft verkörpert. Ares entfaltet sich mit würziger Frische und mündet in eine tiefe, ledrig-ambrierte Basis.;https://www.chogangroupspa.com/product_referral/9903/ROD2B753D
44;44 Frozen Crest;Unisex;-;Freizeit, Arbeit;Frühling, Sommer;Frisch, Zitrus, Aquatisch, Grün, Fruchtig;Ein positiver, ausgeglichener Duft, der an kristallklares Wasser aus den Alpen erinnert.;https://www.chogangroupspa.com/product_referral/9041/ROD2B753D
155U;155U True Self;Unisex;-;Freizeit, Arbeit;Frühling, Sommer;Frisch, Zitrus, Aquatisch, Blumig;Ein minimalistischer, androgyner Duft, inspiriert von Gleichberechtigung, der zwischenmenschliche Beziehungen und Austausch feiert.;https://www.chogangroupspa.com/product_referral/10978/ROD2B753D
54;54 Night Flower;Unisex;-;Date, Ausgehen;Herbst, Winter;Blumig, Orientalisch, Süß, Würzig;Ein opulenter Duft mit warmen, dunklen Noten und einer Orchideenherznote für anspruchsvolle Persönlichkeiten.;https://www.chogangroupspa.com/product_referral/8773/ROD2B753D
72;72 Earth Memory;Unisex;-;Date, Ausgehen, Freizeit;Herbst, Winter;Erdig, Würzig, Holzig, Harzig, Orientalisch;Ein vielseitiges Parfüm für Männer und Frauen, das Freiheit und Boheme-Eleganz ausstrahlt.;https://www.chogangroupspa.com/product_referral/1875/ROD2B753D
73;73 The Summit;Unisex;-;Arbeit, Freizeit;Frühling, Sommer;Frisch, Würzig, Zitrus, Holzig;Ein Duft aus warmen Holznoten, Frischen Zitrusfrüchten und sinnlichem Moschus, der Dynamik und Stärke verkörpert.;https://www.chogangroupspa.com/product_referral/2123/ROD2B753D
99;99 Orange Sun;Unisex;Topliste;Arbeit, Freizeit;Frühling, Sommer;Frisch, Zitrus, Aquatisch, Fruchtig;Ein Duft, der die Zitrusfrüchte und Natur der Amalfiküste in eine spritzige, magische Komposition verwandelt.;https://www.chogangroupspa.com/product_referral/9109/ROD2B753D
100;100 Mystic Woods;Unisex;-;Ausgehen, Freizeit, Date;Herbst, Winter, Frühling;Blumig, Holzig, Orientalisch, Süß, Würzig;Ein Duft aus der Zartheit der Rose, Gewürzen, Agarholz, Ambra, Sandelholz und einem Hauch Vanille.;https://www.chogangroupspa.com/product_referral/3638/ROD2B753D
101;101 Soft Caress;Unisex;-;Ausgehen, Freizeit, Date;Herbst, Winter, Frühling;Würzig, Pudrig, Süß, Orientalisch, Harzig, Holzig;Ein Orientalischer Amber-Duft, der mediterrane und arabische Noten vereint.;https://www.chogangroupspa.com/product_referral/3643/ROD2B753D
102;102 Soft Rays;Unisex;-;Ausgehen, Freizeit, Date;Herbst, Winter;Harzig, Würzig, Süß, Rauchig, Orientalisch, Holzig;Ein moderner, raffinierter Amber-Duft mit exotischem Ylang-Ylang, Vanille, Ladanharz, Sandelholz und einer Basis aus Harzen.;https://www.chogangroupspa.com/product_referral/3644/ROD2B753D
105;105 Expresso;Unisex;Topliste;Ausgehen, Freizeit, Date;Herbst, Winter, Frühling;Blumig, Süß, Gourmand, Orientalisch, Würzig, Holzig;Ein Duft mit Blumigen Akzenten, einer Herznote aus Rose und schwarzem Arabica-Kaffee, abgerundet von Ambra, Vanille und weißem Moschus.;https://www.chogangroupspa.com/product_referral/8775/ROD2B753D
106;106 Rebel Icon;Unisex;Trends;Ausgehen, Freizeit, Date;Frühling, Sommer, Herbst, Winter;Würzig, Süß, Ledrig, Cremig, Holzig;Ein intensiver, dekadenter Amber-Leder-Duft, der die Sinne verführt und Sehnsüchte wahr werden lässt.;https://www.chogangroupspa.com/product_referral/3696/ROD2B753D
110;110 Mystic Spell;Unisex;Topliste;Ausgehen, Freizeit, Date;Herbst, Winter, Frühling;Süß, Fruchtig, Blumig, Frisch;Ein sinnlicher Unisexduft mit Fruchtigen, sandigen Noten, Maiglöckchen, Moschus und Hölzern.;https://www.chogangroupspa.com/product_referral/8777/ROD2B753D
111;111 Ruby Love;Unisex;Topliste;Ausgehen, Freizeit, Date;Frühling, Herbst, Winter;Fruchtig, Süß, Gourmand;Ein komplexer Duft aus Süßer Kirsche, Likör, Bittermandel, türkischer Rose, Jasmin und einer warmen, Würzigen Basisnote.;https://www.chogangroupspa.com/product_referral/4414/ROD2B753D
112;112 Riviera;Unisex;-;Arbeit, Freizeit;Frühling, Sommer;Frisch, Zitrus, Blumig, Aquatisch;Ein Frischer, spritziger Duft mit zitrischen, aromatischen und Blumigen Akkorden, der an die italienische Küste erinnert.;https://www.chogangroupspa.com/product_referral/4415/ROD2B753D
114;114 Desert Whisper;Unisex;Topliste, Trends;Ausgehen, Date;Herbst, Winter;Rauchig, Orientalisch, Ledrig, Holzig, Würzig;Ein Duft, der mit Orientalischen Noten und Agarholz die Stärke und Mystik ferner Dünen entfaltet.;https://www.chogangroupspa.com/product_referral/8779/ROD2B753D
117;117 Velvet Smoke;Unisex;Topliste, Trends;Ausgehen, Date;Herbst, Winter;Gourmand, Würzig, Süß, Rauchig, Orientalisch;Ein opulenter, warmer Duft mit Würzigen Noten, Tabakblüte, Tonkabohne, Kakao und Vanille.;https://www.chogangroupspa.com/product_referral/6771/ROD2B753D
118;118 Scarlet Fire;Unisex;Topliste, Trends;Ausgehen, Freizeit, Date;Frühling, Herbst, Winter;Süß, Blumig, Würzig, Holzig;Ein intensiver, Blumiger Duft mit Jasmin, Ambergris und Zedernholz, der die Haut sinnlich umhüllt.;https://www.chogangroupspa.com/product_referral/6808/ROD2B753D
124;124 Everlasting;Unisex;-;Ausgehen, Freizeit, Date, Allrounder, Arbeit;Frühling, Herbst, Winter;Würzig, Süß, Gourmand;Ein außergewöhnlicher, grenzenloser Duft mit tiefem, dunklem Charakter, der das Werden und Vergehen der Zeit einfängt.;https://www.chogangroupspa.com/product_referral/6954/ROD2B753D
125;125 Mediterraneo;Unisex;-;Freizeit, Arbeit;Frühling, Sommer;Zitrus, Blumig, Frisch, Grün, Aquatisch;Ein Duft, der die italienische Küste mit Zitrusnoten, Orangenblüten, Jasmin und Maiglöckchen heraufbeschwört.;https://www.chogangroupspa.com/product_referral/7394/ROD2B753D
126;126 Lumière Dorée;Unisex;Topliste;Ausgehen, Freizeit, Date, Arbeit, Allrounder;Frühling, Sommer;Blumig, Süß, Cremig, Frisch, Pudrig;Ein Duft, der an sonnige Inseln erinnert, mit Würzigen Kardamom- und Pfeffernoten, Blumigem Jasmin und Ylang-Ylang.;https://www.chogangroupspa.com/product_referral/6767/ROD2B753D
127;127 Agar Forest;Unisex;Topliste, Trends;Ausgehen, Freizeit, Date;Frühling, Herbst, Winter;Würzig, Holzig, Harzig, Orientalisch;Ein exotisches Parfüm mit Agarholz, Szechuanpfeffer, Kardamom und warmen Hölzern, abgerundet von Vanille.;https://www.chogangroupspa.com/product_referral/6765/ROD2B753D
128;128 Sugar Poison;Unisex;-;Ausgehen, Freizeit, Date;Frühling, Herbst, Winter;Würzig, Süß, Gourmand, Cremig;Ein verführerischer Duft mit Frischen Zitrusnoten, Rum, Myrrhe, Blumigen Nuancen und reichhaltigen Noten von Kaffee.;https://www.chogangroupspa.com/product_referral/6769/ROD2B753D
129;129 Chlorophyll;Unisex;Trends;Ausgehen, Freizeit, Date;Frühling, Herbst, Sommer;Süß, Fruchtig, Frisch;Ein Duft, der Frische mediterrane Fruchtige Noten mit sinnlichem Amber und Vanille verbindet.;https://www.chogangroupspa.com/product_referral/7125/ROD2B753D
130;130 Oceanic Pulse;Unisex;-;Ausgehen, Freizeit, Date;Frühling, Sommer, Herbst;Aquatisch, Würzig, Frisch, Holzig;Ein Duft, der die Schönheit und Kraft des Meeres einfängt, mit Süßen, Würzigen, sonnigen und salzigen Noten.;https://www.chogangroupspa.com/product_referral/7419/ROD2B753D
134;134 Orange Nectar;Unisex;-;Ausgehen, Freizeit, Date;Frühling, Herbst, Sommer;Süß, Fruchtig, Gourmand, Würzig;Ein warmer, Fruchtiger Duft mit Pfirsich, Jasmin, Rum und Cognac, abgerundet von Patschuli, Sandelholz, Vanille und Tonkabohne.;https://www.chogangroupspa.com/product_referral/7435/ROD2B753D
135;135 Mystic Forest;Unisex;-;Ausgehen, Freizeit, Date, Arbeit, Allrounder;Frühling, Sommer, Herbst, Winter;Würzig, Süß, Pudrig, Holzig;Ein geheimnisvoller Duft voller Kontraste, der Energie, Sinnlichkeit und Charme verleiht, mit eleganter Iris.;https://www.chogangroupspa.com/product_referral/7521/ROD2B753D
137;137 Sicilian Garden;Unisex;Topliste, Trends;Ausgehen, Freizeit, Date;Frühling, Herbst, Winter;Zitrus, Würzig, Süß, Gourmand, Cremig;Ein üppiger Duft, der Tradition und Moderne vereint, mit Zitrus-, Würz- und Blumennoten.;https://www.chogangroupspa.com/product_referral/7661/ROD2B753D
138;138 Woodland;Unisex;-;Ausgehen, Freizeit, Date, Arbeit, Allrounder;Frühling, Herbst, Winter;Süß, Blumig, Holzig, Cremig, Fruchtig, Orientalisch;Ein sinnlicher Unisex-Duft mit Süßen Sandelholznoten, Holzigen, amberartigen und Blumigen Akkorden.;https://www.chogangroupspa.com/product_referral/7676/ROD2B753D
139;139 Sahara Blush;Unisex;-;Ausgehen, Freizeit, Date;Frühling, Herbst, Winter;Blumig, Holzig, Würzig, Orientalisch, Süß;Ein Frischer, intensiver Rosen-Duft, der florale Akkorde mit der sinnlichen Intensität von Agarholz vereint.;https://www.chogangroupspa.com/product_referral/7965/ROD2B753D
141;141 Sands of Time;Unisex;-;Ausgehen, Date;Herbst, Winter;Fruchtig, Orientalisch, Süß, Würzig, Holzig;Ein facettenreicher Unisex-Duft, der mit Fruchtigen, Würzigen und Holzigen Akkorden den Zauber Orientalischer Nächte einfängt.;https://www.chogangroupspa.com/product_referral/8421/ROD2B753D
142;142 Dark Eclipse;Unisex;Topliste, Trends;Ausgehen, Freizeit, Date;Frühling, Herbst, Winter;Würzig, Süß, Ledrig, Rauchig, Holzig;Ein intensiver Unisex-Duft mit Ledrigen Noten, der den Wilden Westen und den Geist der Cowboys einfängt.;https://www.chogangroupspa.com/product_referral/8493/ROD2B753D
143;143 Sweet Dust;Unisex;-;Ausgehen, Freizeit, Date;Frühling, Herbst, Winter;Cremig, Süß, Holzig, Pudrig, Gourmand;Verspielt und lebendig – ein Duft für Liebhaber Süßer, lebhafter Aromen. Mit Vanille und köstlichen Gourmand-Noten.;https://www.chogangroupspa.com/product_referral/8651/ROD2B753D
144;144 Creamy Dream;Unisex;-;Ausgehen, Freizeit, Date;Herbst, Winter, Frühling;Cremig, Süß, Gourmand;Ein Duft wie eine sanfte Umarmung, mit intensiven, Gourmandigen Noten, die an die Cremigkeit von Milch erinnern.;https://www.chogangroupspa.com/product_referral/8863/ROD2B753D
EVENT22;EVENT22 Èdition Europe;Unisex;Topliste, Trends;Ausgehen, Freizeit, Date, Allrounder, Arbeit;Frühling, Herbst, Winter;Blumig, Würzig, Holzig, Pudrig, Orientalisch;Ein innovativ Orientalischer Duft, der mit der Zartheit von Rosenblüten und der Intensität von Frisch gemahlenem Kaffee die Sinne verwöhnt.;https://www.chogangroupspa.com/product_referral/7462/ROD2B753D
APOLLO;APOLLO (Limited Edition);Mann;Topliste, Trends;Allrounder, Freizeit, Arbeit, Date, Ausgehen;Frühling, Herbst, Sommer;Holzig, Würzig, Zitrus, Grün, Harzig;Ein strahlend-aromatischer Duft, der Vitalität und Eleganz vereint. Frische Zitrusnoten treffen auf edle Harze.;https://www.chogangroupspa.com/product_referral/9923/ROD2B753D
ERMES;ERMES (Limited Edition);Mann;Topliste, Trends;Freizeit, Arbeit;Frühling, Herbst;Holzig, Würzig, Frisch, Erdig, Zitrus;Ein dynamischer, holzig-würziger Duft, der List, Bewegung und Freiheit verkörpert.;https://www.chogangroupspa.com/product_referral/9913/ROD2B753D
ZEUS;ZEUS (Limited Edition);Mann;Topliste, Trends;Freizeit, Ausgehen, Date;Winter, Herbst;Würzig, Holzig, Orientalisch, Süß, Rauchig;Ein intensiver, würzig-holziger Duft, der Stärke und Autorität ausstrahlt. Warme Gewürze und Rum treffen auf Tabak.;https://www.chogangroupspa.com/product_referral/9933/ROD2B753D
1;1 Prestige for Him;Mann;Topliste, Trends;Ausgehen, Freizeit, Date;Frühling, Herbst, Winter;Würzig, Süß, Orientalisch, Holzig;Ein humorvoll-sinnlicher Duft mit Frischen, Würzigen und Fruchtigen Noten, Blumigen Akzenten und warmen Hölzern.;https://www.chogangroupspa.com/product_referral/8753/ROD2B753D
2;2 Deep Blue;Mann;Topliste, Trends;Allrounder, Freizeit, Arbeit;Frühling, Sommer;Zitrus, Aquatisch, Frisch;Ein Frischer, raffinierter Duft, inspiriert von Pantelleria, der mit mineralischer Frische die Begegnung von Meer und Fels einfängt.;https://www.chogangroupspa.com/product_referral/8755/ROD2B753D
3;3 Fireborn;Mann;Topliste, Trends;Ausgehen, Freizeit, Date;Frühling, Herbst, Winter;Würzig, Süß, Ledrig, Rauchig, Holzig, Orientalisch;Ein Duft voller Widersprüche: Frisch und doch kraftvoll, wie die Begegnung von Wasser und Feuer.;https://www.chogangroupspa.com/product_referral/8906/ROD2B753D
4;4 Pure Ego;Mann;Topliste, Trends;Ausgehen, Date;Frühling, Herbst, Winter;Würzig, Süß, Holzig, Orientalisch;Ein eleganter Duft für den selbstbewussten Mann, der Stil und Gelassenheit ausstrahlt.;https://www.chogangroupspa.com/product_referral/8902/ROD2B753D
150M;150M Unbending Man;Mann;-;Ausgehen, Date;Frühling, Herbst, Sommer;Würzig, Holzig, Frisch;Ein markanter Duft mit Frischen Äpfeln und Zitrusfrüchten, Blumigen Akzenten und einer intensiven Basis aus Fichte.;https://www.chogangroupspa.com/product_referral/11083/ROD2B753D
12;12 Revenant;Mann;-;Freizeit, Arbeit;Frühling, Sommer;Zitrus, Würzig, Holzig, Frisch, Grün;Ein zeitloser Klassiker – kühn, Frisch und intensiv. Ein Duft mit modernem Charakter.;https://www.chogangroupspa.com/product_referral/8923/ROD2B753D
15;15 Urbe;Mann;Trends;Allrounder, Date, Ausgehen, Freizeit, Arbeit;Frühling, Sommer, Herbst, Winter;Zitrus, Würzig, Holzig, Orientalisch, Fruchtig;Ein von ewiger Schönheit inspirierter Duft, der verzaubert und immer wieder neue Emotionen weckt.;https://www.chogangroupspa.com/product_referral/9025/ROD2B753D
16;16 Sailor;Mann;Topliste, Trends;Allrounder, Date, Ausgehen, Freizeit, Arbeit;Frühling, Sommer, Herbst, Winter;Würzig, Süß, Pudrig, Orientalisch, Frisch;Ein magnetischer Klassiker, der Männlichkeit und Sinnlichkeit vereint – mit Lavendel und Süßen Vanillenoten.;https://www.chogangroupspa.com/product_referral/8757/ROD2B753D
17;17 / 152M To The Edge For Him;Mann;-;Freizeit, Arbeit;Frühling, Sommer, Herbst;Würzig, Süß, Zitrus, Frisch, Holzig;Ein attraktiver, sinnlicher Duft für den unangepassten, selbstbewussten, sexy, jungen, virilen Mann von heute.;https://www.chogangroupspa.com/product_referral/11038/ROD2B753D
18;18 Revelation;Mann;-;Allrounder, Date, Ausgehen, Freizeit, Arbeit;Frühling, Sommer, Herbst;Würzig, Zitrus, Frisch, Holzig, Grün;Ein kraftvoller Duft mit Basilikum, Bergamotte und Grapefruit in der Kopfnote, einem Blumigen Herz aus Jasmin und Wacholder.;https://www.chogangroupspa.com/product_referral/9027/ROD2B753D
20;20 Obscuro;Mann;Topliste, Trends;Date, Ausgehen, Freizeit;Frühling, Winter, Herbst;Würzig, Süß, Orientalisch, Holzig, Frisch;Ein verführerischer Duft voller Intensität und Sinnlichkeit, geschaffen für den geheimnisvollen Mann.;https://www.chogangroupspa.com/product_referral/8759/ROD2B753D
21;21 Aqua Soul;Mann;Topliste;Arbeit, Freizeit;Frühling, Sommer;Zitrus, Frisch, Aquatisch;Ein Duft, der die zeitlose Sinnlichkeit des Mittelmeers einfängt, der ewigen Kulisse für Verführung.;https://www.chogangroupspa.com/product_referral/8894/ROD2B753D
22;22 Elemental;Mann;Topliste, Trends;Allrounder, Date, Ausgehen, Arbeit, Freizeit;Frühling, Sommer, Herbst, Winter;Zitrus, Würzig, Holzig, Frisch, Erdig;Ein Duft, der die mythischen Elemente der Antike und der Natur erzählt – eine Reise durch Erde, Luft und Wasser.;https://www.chogangroupspa.com/product_referral/8896/ROD2B753D
30;30 Maverick;Mann;-;Date, Ausgehen, Freizeit;Frühling, Sommer, Herbst, Winter;Würzig, Süß, Gourmand, Fruchtig;Ein lebendiger, spontaner Duft mit der Energie des Rock&Roll, perfekt für den individualistischen Mann.;https://www.chogangroupspa.com/product_referral/8904/ROD2B753D
31;31 Real Man;Mann;-;Arbeit, Freizeit;Frühling, Sommer, Herbst;Frisch, Würzig, Holzig;Ein Duft, der Kraft und Frische vereint, dich vom fernen Orient in eine pulsierende Metropole mit eleganter Geschäftswelt entführt.;https://www.chogangroupspa.com/product_referral/9033/ROD2B753D
32;32 Explosive;Mann;Topliste, Trends;Ausgehen, Date, Freizeit;Frühling, Winter, Herbst;Würzig, Süß, Orientalisch, Holzig;Ein Duft für geheimnisvolle Männer, die Gegensätze verkörpern – charismatisch, raffiniert und sexy.;https://www.chogangroupspa.com/product_referral/9035/ROD2B753D
33;33 Nightfall;Mann;-;Allrounder, Date, Arbeit, Ausgehen, Freizeit;Frühling, Winter, Herbst;Würzig, Süß, Orientalisch, Holzig, Frisch;Ein Duft für den selbstbewussten Mann, der natürlichen Charme und fesselndes Geheimnis vereint.;https://www.chogangroupspa.com/product_referral/8761/ROD2B753D
37;37 Gentleman;Mann;-;Arbeit, Freizeit;Frühling, Sommer, Winter, Herbst;Zitrus, Würzig, Holzig, Grün, Frisch;Ein Duft, der die Welt der Herrenparfüms neu definiert – für den anspruchsvollen, entschlossenen und kreativen Mann.;https://www.chogangroupspa.com/product_referral/892/ROD2B753D
38;38 Abyss;Mann;Topliste, Trends;Allrounder, Date, Ausgehen, Arbeit, Freizeit;Frühling, Sommer, Winter, Herbst;Zitrus, Würzig, Holzig, Frisch;Ein Duft für Männer, die sich von Konventionen befreien und ihr eigenes Schicksal bestimmen.;https://www.chogangroupspa.com/product_referral/8763/ROD2B753D
48;48 Sublime;Mann;Topliste, Trends;Allrounder, Date, Ausgehen, Arbeit, Freizeit;Frühling, Sommer, Winter, Herbst;Zitrus, Würzig, Süß, Holzig, Frisch;Ein intensiver, Frischer Duft, der mit seinem Charme die Persönlichkeit des Trägers unterstreicht.;https://www.chogangroupspa.com/product_referral/8925/ROD2B753D
160M;160M British Charm for him;Mann;-;Arbeit, Freizeit;Frühling, Sommer, Herbst;Würzig, Holzig, Frisch, Fruchtig;Die Verkörperung des modernen britischen Geistes: elegant, leidenschaftlich, sexy und lässig.;https://www.chogangroupspa.com/product_referral/10953/ROD2B753D
52;52 Arabian Mirage;Mann;-;Allrounder, Ausgehen, Date, Arbeit, Freizeit;Frühling, Winter, Herbst;Würzig, Holzig, Süß, Harzig;Ein eleganter Duft mit einem Fougère-Akkord, der Gelassenheit und die Kraft der Verführung vereint.;https://www.chogangroupspa.com/product_referral/1333/ROD2B753D
60;60 Majesty;Mann;-;Arbeit, Freizeit;Frühling, Sommmer, Herbst;Zitrus, Holzig, Fruchtig, Frisch, Aquatisch;Ein warmer, romantischer Duft aus edelsten Essenzen, der eine märchenhafte Welt voller berauschender Düfte entfaltet.;https://www.chogangroupspa.com/product_referral/9049/ROD2B753D
61;61 Triumph;Mann;-;Arbeit, Freizeit;Frühling, Sommmer, Herbst;Süß, Fruchtig, Frisch, Aquatisch;Ein Frischer, sinnlicher Duft, der eine moderne Vision von Männlichkeit verkörpert.;https://www.chogangroupspa.com/product_referral/8765/ROD2B753D
62;62 Extreme;Mann;-;Allrounder, Date, Ausgehen, Arbeit, Freizeit;Frühling, Sommmer, Herbst, Winter;Würzig, Süß, Holzig, Frisch;Ein Holzig-aromatischer Duft, der die Kraft eines entschlossenen Mannes verkörpert.;https://www.chogangroupspa.com/product_referral/9051/ROD2B753D
157M;157M Aftertouch;Mann;-;Allrounder, Date, Ausgehen, Arbeit, Freizeit;Frühling, Herbst, Winter;Würzig, Süß, Holzig, Fruchtig, Ledrig;Ein Duft, der Eleganz und Verführung verkörpert – für den Mann, der seine Erfolge feiert.;https://www.chogangroupspa.com/product_referral/11098/ROD2B753D
66;66 Rock Soul;Mann;-;Allrounder, Date, Ausgehen, Arbeit, Freizeit;Frühling, Herbst, Winter;Würzig, Süß, Holzig, Harzig, Blumig;Ein Duft, der Geheimnis und zeitlose Energie ausstrahlt – ein Statement der Individualität.;https://www.chogangroupspa.com/product_referral/1459/ROD2B753D
68;68 Glory;Mann;Topliste, Trends;Allrounder, Date, Ausgehen, Arbeit, Freizeit;Frühling, Sommer, Herbst;Zitrus, Rauchig, Holzig, Fruchtig, Frisch;Ein entschlossener, anziehender Duft, der die Kraft einer selbstbewussten Person widerspiegelt.;https://www.chogangroupspa.com/product_referral/8767/ROD2B753D
69;69 Seaside;Mann;-;Arbeit, Freizeit;Frühling, Sommer;Aquatisch, Frisch, Würzig, Grün, Holzig;Ein Duft, inspiriert vom Meer, der die Frische von Salz und Urlaub einfängt.;https://www.chogangroupspa.com/product_referral/9057/ROD2B753D
74;74 Essence Noire;Mann;Topliste;Ausgehen, Date, Freizeit;Herbst, Winter;Holzig, Rauchig, Orientalisch, Würzig, Harzig, Grün;Ein intensiver, hypnotischer Herrenduft mit Holzigen und Rauchigen Noten.;https://www.chogangroupspa.com/product_referral/1788/ROD2B753D
75;75 Xcellence;Mann;-;Ausgehen, Date, Freizeit;Frühling, Herbst, Winter;Holzig, Würzig, Grün, Blumig;Ein geheimnisvoller Herrenduft, der Moderne und Exotik vereint.;https://www.chogangroupspa.com/product_referral/1792/ROD2B753D
78;78 Extreme Purple;Mann;-;Allrounder, Date, Ausgehen, Arbeit, Freizeit;Frühling, Sommer, Herbst;Aquatisch, Frisch, Würzig, Süß;Ein maskuliner, intensiver Duft für den imposanten Mann, vereint Frische Minze, Würzigen Pfeffer und sinnlichen Moschus.;https://www.chogangroupspa.com/product_referral/1878/ROD2B753D
83;83 Uomo;Mann;-;Ausgehen, Date, Freizeit;Frühling, Winter, Herbst;Würzig, Süß, Holzig, Blumig;Ein Parfüm, das die exklusive Essenz des aromatischen, Orientalischen und Holzigen Charakters verkörpert.;https://www.chogangroupspa.com/product_referral/7869/ROD2B753D
84;84 Indigo;Mann;Topliste, Trends;Arbeit, Freizeit;Frühling, Sommer, Herbst;Zitrus, Aquatisch, Würzig, Frisch;Unerbittliche Kraft und Leidenschaft, wie die Wellen des Meeres: Ein Parfüm, das mit den sinnlichen Düften des Mittelmeers überrascht.;https://www.chogangroupspa.com/product_referral/9075/ROD2B753D
86;86 Titan;Mann;-;Arbeit, Freizeit;Frühling, Sommer, Herbst, Winter;Würzig, Frisch, Süß, Holzig;Ein Duft, der die Essenz der Männlichkeit einfängt: Für den selbstbewussten Mann, der Stärke und Zartheit vereint.;https://www.chogangroupspa.com/product_referral/9079/ROD2B753D
87;87 Wildman;Mann;Topliste, Trends;Arbeit, Freizeit;Frühling, Sommer, Herbst;Würzig, Frisch, Süß, Holzig, Zitrus;Ein Duft für den mutigen, verführerischen Mann, der mit Holzigen Noten Leben, Intensität und Mut zelebriert.;https://www.chogangroupspa.com/product_referral/8898/ROD2B753D
88;88 Midnight Man;Mann;-;Ausgehen, Date;Winter, Herbst;Würzig, Süß, Holzig, Orientalisch, Ledrig;Ein kühn-Orientalischer Duft, der mit warmen, intensiven Noten die Energie und Geheimnis des Feuers verkörpert.;https://www.chogangroupspa.com/product_referral/9081/ROD2B753D
91;91 Bond;Mann;-;Freizeit, Arbeit;Frühling, Sommer;Zitrus, Frisch, Aquatisch;Ein Frischer Duft, der Lebensfreude und Freiheit feiert, inspiriert von der Frische des Wassers und dem azurblauen Meer.;https://www.chogangroupspa.com/product_referral/9002/ROD2B753D
94;94 Revenant Intense;Mann;Topliste, Trends;Allrounder, Date, Ausgehen, Freizeit, Arbeit;Frühling, Sommer, Winter, Herbst;Zitrus, Würzig, Holzig, Frisch;Dieses Parfüm verkörpert die Essenz eines Mannes jenseits von Trends und außerhalb der Zeit.;https://www.chogangroupspa.com/product_referral/8769/ROD2B753D
108;108 Emerald Meadow;Mann;Topliste, Trends;Freizeit, Arbeit;Frühling, Sommer, Herbst;Grün, Holzig, Würzig, Frisch, Aquatisch;Ein Grüner, strahlender Duft, der die Frische der irischen Landschaft mit der Eleganz eines englischen Gentlemans vereint.;https://www.chogangroupspa.com/product_referral/8892/ROD2B753D
113;113 Your Journey;Mann;-;Freizeit, Arbeit;Frühling, Sommer, Herbst;Grün, Zitrus, Würzig, Ledrig, Frisch;Ein Frischer, spritziger Duft mit Zitrusfrüchten, Pfeffer und Kräutern, abgerundet durch warme, Holzige Noten.;https://www.chogangroupspa.com/product_referral/9111/ROD2B753D
136;136 Modern Man;Mann;Topliste, Trends;Date, Ausgehen;Herbst, Winter;Blumig, Holzig, Pudrig, Süß;Ein raffinierter Duft mit Iris, Lavendel, Birne, Ambrette, Zeder und Vetiver.;https://www.chogangroupspa.com/product_referral/8900/ROD2B753D
140;140 Cupid;Mann;Topliste, Trends;Freizeit, Ausgehen, Date;Frühling, Sommer, Herbst, Winter;Zitrus, Süß, Fruchtig, Frisch;Ein Frischer, aromatischer Duft, der Kraft und Leidenschaft ausstrahlt.;https://www.chogangroupspa.com/product_referral/8771/ROD2B753D
147;147 Dark Nectar;Mann;Topliste;Freizeit, Ausgehen, Date;Herbst, Winter;Würzig, Süß, Rauchig, Ledrig, Holzig, Harzig;Ein intensiver, magnetischer Herrenduft, der Männern mit starken, charismatischen Persönlichkeiten gewidmet ist.;https://www.chogangroupspa.com/product_referral/11278/ROD2B753D
Multiverse;Multiverse Édition Futur;Mann;Topliste, Trends;Allrounder, Date, Arbeit, Freizeit, Ausgehen;Frühling, Herbst, Winter;Süß, Würzig, Gourmand, Cremig, Holzig;Ein Duft für Männer, die mutig das Unbekannte erforschen.;https://www.chogangroupspa.com/product_referral/8654/ROD2B753D
EVENT23M;EVENT23M Mystére Édition Paris;Mann;Topliste, Trends;Date, Ausgehen;Frühling, Herbst, Winter;Holzig, Blumig, Süß, Pudrig, Zitrus, Fruchtig;Ein kontrastreicher Herrenparfüm: Zitrusfrüchte und Lavendel eröffnen, Kardamom folgt in der Herznote.;https://www.chogangroupspa.com/product_referral/7905/ROD2B753D
NADIR;NADIR 10-Year Anniversary Edition;Mann;Topliste, Trends;Allrounder, Date, Arbeit, Freizeit, Ausgehen;Frühling, Herbst, Winter;Orientalisch, Würzig, Zitrus, Süß;Ein orientalisch-würziger Duft, der Stärke und Tiefe vereint.;https://www.chogangroupspa.com/product_referral/9843/ROD2B753D
AFRODITE;AFRODITE (Limited Edition);Frau;Topliste, Trends;Freizeit, Ausgehen, Date;Winter, Herbst;Blumig, Orientalisch, Süß, Cremig, Gourmand;Ein opulenter, orientalisch-blumiger Duft, der Sinnlichkeit und Verführung verkörpert.;https://www.chogangroupspa.com/product_referral/9963/ROD2B753D
ARTEMIDE;ARTEMIDE (Limited Edition);Frau;Topliste, Trends;Allrounder, Arbeit, Freizeit, Ausgehen, Date;Frühling, Herbst;Holzig, Orientalisch, Lederig, Erdig, Frisch;Ein moderner, holzig-orientalischer Duft, der Freiheit und Stärke verkörpert.;https://www.chogangroupspa.com/product_referral/9953/ROD2B753D
MEDUSA;MEDUSA (Limited Edition);Frau;Topliste, Trends;Arbeit, Freizeit;Frühling, Sommer;Aquatisch, Zitrus, Frisch, Blumig, Holzig;Ein zitrisch-aquatischer Duft, der die geheimnisvolle Kraft und Schönheit der Meeresgöttin verkörpert.;https://www.chogangroupspa.com/product_referral/9943/ROD2B753D
6;6 Addiction;Frau;-;Date, Ausgehen;Herbst, Winter;Orientalisch, Würzig, Holzig;Mehr als ein Duft – eine verführerische Spur, ein Ticket in eine geheimnisvolle Welt voller Magie und Empfindungen.;https://www.chogangroupspa.com/product_referral/9021/ROD2B753D
7;7 Pure Gold;Frau;-;Allrounder, Freizeit, Arbeit, Date, Ausgehen;Frühling, Sommer, Herbst, Winter;Blumig, Süß, Fruchtig, Frisch;Die Essenz von Luxus und Weiblichkeit – ein legendärer Duft, der an einen Spaziergang durch eine blühende Blumenwiese erinnert.;https://www.chogangroupspa.com/product_referral/8781/ROD2B753D
10;10 Stranger;Frau;Topliste, Trends;Date, Ausgehen;Frühling, Herbst, Winter;Blumig, Süß, Holzig, Orientalisch;Ein Duft, der eine geheimnisvolle Aura verströmt: ein magisches Elixier, das Energie und Sinnlichkeit ausstrahlt.;https://www.chogangroupspa.com/product_referral/8783/ROD2B753D
11;11 Aqua Soul;Frau;Topliste, Trends;Freizeit, Arbeit;Frühling, Sommer;Zitrus, Aquatisch, Frisch, Fruchtig;Ein Duft voller Vollkommenheit – die perfekte Balance aus aristokratischer Eleganz, zarter Weiblichkeit und natürlicher Raffinesse.;https://www.chogangroupspa.com/product_referral/9023/ROD2B753D
151W;151W To the edge for her;Frau;-;Allrounder, Date, Ausgehen, Freizeit, Arbeit;Frühling, Sommer, Herbst, Winter;Blumig, Süß, Fruchtig;Ein warmer, verführerischer Duft: Mandarine und rosa Pfeffer wecken Aufmerksamkeit, samtiger Pfirsich und Flieder verleihen Weichheit.;https://www.chogangroupspa.com/product_referral/11053/ROD2B753D
14;14 Statement;Frau;Topliste;Allrounder, Date, Ausgehen, Freizeit, Arbeit;Frühling, Herbst, Winter;Blumig, Süß, Fruchtig, Gourmand, Pudrig;Ein umhüllender, unvergesslicher Duft für die mutige Frau, die ihre Freiheit lebt und ihre Wünsche verwirklicht.;https://www.chogangroupspa.com/product_referral/8915/ROD2B753D
19;19 Prestige for Her;Frau;-;Date, Ausgehen, Freizeit;Frühling, Herbst, Winter;Blumig, Süß, Fruchtig;Ein üppiger, sinnlicher Duft mit frischem Neroli, strahlender Amalfi-Zitrone und knackiger Himbeere.;https://www.chogangroupspa.com/product_referral/8882/ROD2B753D
23;23 Fatale;Frau;Topliste, Trends;Date, Ausgehen;Herbst, Winter;Süß, Pudrig, Gourmand, Orientalisch;Ein betörender Duft, der die Sinne verführt und die Aufmerksamkeit auf sich zieht.;https://www.chogangroupspa.com/product_referral/8785/ROD2B753D
24;24 The Essence;Frau;Topliste;Date, Ausgehen, Freizeit;Frühling, Sommer, Herbst, Winter;Süß, Pudrig, Blumig, Frisch;Ein unverzichtbares, unvergessliches, unsichtbares Modeaccessoire, das die Ankunft der Trägerin ankündigt und ihren Abgang verzögert.;https://www.chogangroupspa.com/product_referral/9015/ROD2B753D
25;25 Her Secret;Frau;Topliste, Trends;Allrounder, Arbeit, Date, Ausgehen, Freizeit;Frühling, Sommer, Herbst, Winter;Süß, Pudrig, Blumig;Ein raffinierter Duft, in dem Moschus die Süße von Orangenblüte und Vanille perfekt ausbalanciert.;https://www.chogangroupspa.com/product_referral/9013/ROD2B753D
26;26 Wild Poppy;Frau;-;Allrounder, Arbeit, Date, Ausgehen, Freizeit;Frühling, Sommer, Herbst, Winter;Süß, Pudrig, Blumig;Ein zarter Duft mit süßen Noten von Weißdorn und schwarzer Johannisbeere, gefolgt von Rose, Jasmin und Veilchen.;https://www.chogangroupspa.com/product_referral/9029/ROD2B753D
27;27 L'Amour Rare;Frau;-;Date, Ausgehen, Freizeit;Frühling, Herbst, Winter;Süß, Pudrig, Blumig, Fruchtig, Orientalisch;Ein Duft aus warmen orientalischen und blumigen Noten, in dem die Rose als Symbol für alle Formen der Liebe triumphiert.;https://www.chogangroupspa.com/product_referral/8884/ROD2B753D
28;28 Etherea;Frau;Trends;Date, Ausgehen;Herbst, Winter;Süß, Gourmand, Orientalisch;Ein gewagter Duft, der orientalische Vanille und Patschuli mit Schokolade, Karamell und frischen Früchten kombiniert.;https://www.chogangroupspa.com/product_referral/9011/ROD2B753D
29;29 Rêve Parisien;Frau;-;Freizeit, Arbeit;Frühling, Sommer;Zitrus, Würzig, Holzig, Frisch, Aquatisch, Pudrig;Ein einzigartiger Duft, der die Leichtigkeit von Blütenblättern im Wasser einfängt und zu einer olfaktorischen Odyssee einlädt.;https://www.chogangroupspa.com/product_referral/9031/ROD2B753D
39;39 Darling;Frau;-;Allrounder, Ausgehen, Date, Freizeit, Arbeit;Frühling, Sommer, Herbst;Süß, Fruchtig, Frisch, Blumig, Pudrig;Ein frischer, zarter Duft, der die Lebensfreude einer freien, eleganten und verspielten Frau widerspiegelt.;https://www.chogangroupspa.com/product_referral/8913/ROD2B753D
40;40 Magnetic;Frau;-;Allrounder, Ausgehen, Date, Freizeit, Arbeit;Frühling, Winter, Herbst;Süß, Fruchtig, Blumig, Orientalisch, Pudrig;Der Duft ist allen anspruchsvollen und eleganten Frauen gewidmet, die durch ihren Charme und die geheimnisvolle Aura bezaubern.;https://www.chogangroupspa.com/product_referral/9039/ROD2B753D
153W;153W Rose Dust;Frau;Topliste, Trends;Freizeit, Arbeit;Frühling, Sommer, Herbst;Süß, Pudrig, Blumig, Frisch;Ein eleganter, kühner Duft, der die Individualität jeder Frau unterstreicht – perfekt für den Alltag.;https://www.chogangroupspa.com/product_referral/10993/ROD2B753D
42;42 Bonheur Supreme;Frau;Trends;Freizeit, Ausgehen, Date;Frühling, Winter, Herbst;Süß, Pudrig, Blumig, Gourmand, Fruchtig;Ein Duft voller Anmut und Freiheit, der die charmante, kultivierte Frau verkörpert.;https://www.chogangroupspa.com/product_referral/8787/ROD2B753D
154W;154W Liaison Rose;Frau;-;Allrounder, Arbeit, Freizeit, Ausgehen, Date;Frühling, Sommer, Winter, Herbst;Süß, Pudrig, Blumig;Ein frischer, lebendiger Duft, der Frauen umhüllt und eine Aura der Zartheit verströmt.;https://www.chogangroupspa.com/product_referral/11008/ROD2B753D
47;47 Night Gem;Frau;Topliste;Freizeit, Ausgehen, Date;Frühling, Sommer, Winter, Herbst;Würzig, Süß, Cremig, Orientalisch, Blumig;Ein prachtvoller, exzentrischer Duft für die selbstbewusste Frau, inspiriert von der Eleganz eines Abendkleides.;https://www.chogangroupspa.com/product_referral/881/ROD2B753D
49;49 Pearl Bloom;Frau;-;Freizeit, Arbeit;Frühling, Sommer;Grün, Blumig, Frisch;Ein frischer, femininer Duft, der die Unschuld der ersten Liebe mit moderner Eleganz vereint.;https://www.chogangroupspa.com/product_referral/8917/ROD2B753D
51;51 Miss Bijou;Frau;Topliste, Trends;Allrounder, Arbeit, Freizeit, Ausgehen, Date;Frühling, Sommer, Winter, Herbst;Süß, Pudrig, Blumig, Frisch, Fruchtig, Zitrus;Ein frischer, blumiger Duft mit orientalischen Akzenten, der die Sinnlichkeit einer selbstbewussten, rebellischen Frau verkörpert.;https://www.chogangroupspa.com/product_referral/8998/ROD2B753D
53;53 Vanité;Frau;-;Allrounder, Arbeit, Freizeit, Ausgehen, Date;Frühling, Herbst, Winter;Blumig, Holzig, Pudrig;Ein sinnlicher Duft mit blumiger Kopfnote, Ambra und Moschus, der die natürliche Eleganz von Hölzern vereint.;https://www.chogangroupspa.com/product_referral/9009/ROD2B753D
55;55 Black Addiction;Frau;Topliste, Trends;Freizeit, Ausgehen, Date;Frühling, Herbst, Winter;Orientalisch, Gourmand, Süß, Würzig, Blumig;Ein aufregender Duft, schwarz wie Kaffee, süchtig machend durch die exquisite Weiblichkeit von weißen Blüten und Vanille.;https://www.chogangroupspa.com/product_referral/8789/ROD2B753D
56;56 Light & Dark;Frau;-;Freizeit, Ausgehen, Date;Frühling, Herbst, Winter;Blumig, Würzig, Süß, Pudrig, Orientalisch, Holzig;Ein charismatischer, orientalischer Duft, der durch geheimnisvolle Vielseitigkeit verführt.;https://www.chogangroupspa.com/product_referral/8919/ROD2B753D
57;57 Pure Purple;Frau;-;Freizeit, Arbeit;Frühling, Herbst, Winter;Blumig, Süß, Pudrig, Holzig, Frisch;Ein verspielter, raffinierter Duft mit Zitrusnoten, Rose und einer holzigen Basis – eine Sinnesreise.;https://www.chogangroupspa.com/product_referral/9047/ROD2B753D
156W;156W Unbending woman;Frau;-;Freizeit, Arbeit;Frühling, Sommer;Blumig, Süß, Fruchtig, Frisch, Fruchtig;Samtig, suggestiv, strahlend und süß, manchmal geheimnisvoll: – ein Duft, der das Licht heraufbeschwört.;https://www.chogangroupspa.com/product_referral/11068/ROD2B753D
64;64 Talisman;Frau;-;Freizeit, Arbeit;Frühling, Herbst, Sommer;Blumig, Süß, Fruchtig, Frisch;Ein orientalischer Duft, der Dich auf eine abenteuerliche und magische Erfahrung mitnimmt.;https://www.chogangroupspa.com/product_referral/1440/ROD2B753D
67;67 Victoria;Frau;-;Allrounder, Date, Ausgehen, Freizeit, Arbeit;Frühling, Herbst, Winter, Sommer;Süß, Orientalisch, Blumig;Ein Duft, der eine göttliche Spur hinterlässt, für starke Frauen, für moderne Kleopatras.;https://www.chogangroupspa.com/product_referral/9019/ROD2B753D
70;70 Pure Ego;Frau;-;Allrounder, Date, Ausgehen, Freizeit, Arbeit;Frühling, Herbst, Winter;Pudrig, Fruchtig, Süß, Orientalisch, Blumig;Ein verführerischer Duft mit süßen, kontrastreichen Noten, der die leidenschaftliche Frau verkörpert.;https://www.chogangroupspa.com/product_referral/9059/ROD2B753D
71;71 Sublime;Frau;-;Allrounder, Date, Ausgehen, Freizeit, Arbeit;Frühling, Sommer, Herbst, Winter;Blumig, Süß, Pudrig;Eine blumig-fruchtige Mischung, die charismatische, raffinierte Frauen mit betörenden Akkorden verführt.;https://www.chogangroupspa.com/product_referral/1874/ROD2B753D
76;76 Deep Blue;Frau;-;Freizeit, Arbeit;Frühling, Sommer;Zitrus, Blumig, Frisch, Aquatisch;Dieser Duft vereint Elemente, die von der Erde und dem Meer inspiriert sind, und schafft ein Gefühl von unwiderstehlicher Frische.;https://www.chogangroupspa.com/product_referral/1876/ROD2B753D
158W;158W Wild Bloom;Frau;-;Allrounder, Date, Ausgehen, Freizeit, Arbeit;Frühling, Herbst, Sommer;Blumig, Frisch, Aquatisch, Fruchtig, Süß;Ein femininer Duft mit blumigen Noten von Osmanthus, Rose und Pfingstrose, abgerundet von Sandelholz und Patschuli.;https://www.chogangroupspa.com/product_referral/11023/ROD2B753D
80;80 Absolutely;Frau;-;Allrounder, Date, Ausgehen, Freizeit, Arbeit;Frühling, Herbst, Sommer, Winter;Blumig, Süß, Fruchtig;Ein moderner Chypre-Duft, der Stärke und Unabhängigkeit vereint. Mit schwarzer Johannisbeere, Chypre und moschusartigem Holz.;https://www.chogangroupspa.com/product_referral/8791/ROD2B753D
81;81 Allure Éternelle;Frau;Topliste;Date, Ausgehen, Freizeit;Frühling, Herbst, Sommer, Winter;Süß, Pudrig, Orientalisch, Fruchtig;Ein explosiver Duft, der Schlagsahne, Jasmin und warme Holznoten vereint.;https://www.chogangroupspa.com/product_referral/9071/ROD2B753D
82;82 Jeunesse;Frau;-;Arbeit, Freizeit;Frühling, Herbst, Sommer;Süß, Pudrig, Frisch, Blumig, Fruchtig;Ein femininer Duft, welcher die lebendigen Noten von rosa Pfeffer und die blumigen Akkorde von Jasmin und Rose verbindet.;https://www.chogangroupspa.com/product_referral/2097/ROD2B753D
85;85 Serendipity;Frau;-;Arbeit, Freizeit;Frühling, Herbst, Sommer;Zitrus, Süß, Fruchtig, Frisch, Blumig;Ein verzaubernder Duft mit blumigen und Vanille-Noten, perfekt für Frauen, die das Besondere suchen.;https://www.chogangroupspa.com/product_referral/2173/ROD2B753D
89;89 Ville Lumière;Frau;-;Arbeit, Freizeit;Frühling, Herbst, Sommer;Zitrus, Süß, Fruchtig, Frisch, Blumig;Ein femininer Duft, super sinnlich und charmant, inspiriert von einer atemberaubenden Liebesgeschichte.;https://www.chogangroupspa.com/product_referral/9000/ROD2B753D
90;90 Femme Fatale;Frau;-;Date, Ausgehen, Freizeit;Frühling, Herbst, Winter;Süß, Gourmand, Fruchtig, Blumig;Ein verführerischer Duft für moderne, freie Frauen, die mit Sinnlichkeit und Frechheit ihre Träume verfolgen.;https://www.chogangroupspa.com/product_referral/2127/ROD2B753D
93;93 Glory;Frau;-;Arbeit, Freizeit;Frühling, Herbst, Sommer;Blumig, Süß, Holzig, Fruchtig, Frisch;Ein exklusives Parfüm, das für die moderne Frau entwickelt wurde: eine Frau, die für sich selbst einsteht.;https://www.chogangroupspa.com/product_referral/9017/ROD2B753D
159W;159W British charm for her;Frau;-;Arbeit, Freizeit;Frühling, Herbst, Winter;Blumig, Süß, Holzig, Fruchtig;Ein eleganter, zeitloser Duft, der die britische Tradition und den Charme Londons verkörpert.;https://www.chogangroupspa.com/product_referral/10948/ROD2B753D
96;96 The Muse;Frau;-;Arbeit, Freizeit;Frühling, Herbst, Sommer;Blumig, Süß, Zitrus, Fruchtig, Frisch;Ein Duft mit starkem Charakter, der dem rebellischen Geist in jeder Frau eine Stimme gibt, um ihre Identität zu enthüllen.;https://www.chogangroupspa.com/product_referral/9085/ROD2B753D
97;97 Vita;Frau;-;Allrounder, Date, Ausgehen, Arbeit, Freizeit;Frühling, Herbst, Winter, Sommer;Süß, Gourmand, Fruchtig, Frisch, Cremig, Blumig;Ein kühner, üppiger Duft, der die moderne, mutige und lebensfrohe Weiblichkeit verkörpert.;https://www.chogangroupspa.com/product_referral/3698/ROD2B753D
98;98 Euphoria;Frau;-;Arbeit, Freizeit;Frühling, Herbst, Sommer;Süß, Frisch, Cremig, Blumig;Ein Bouquet, das ein einzigartiges Gefühl der Freude ausdrückt, indem es eine olfaktorische Interpretation des Lichts bietet.;https://www.chogangroupspa.com/product_referral/3701/ROD2B753D
109;109 Pure Gold Intense;Frau;Topliste;Ausgehen, Date, Freizeit;Frühling, Herbst, Winter;Blumig, Süß, Pudrig, Orientalisch;Ein edler, sinnlicher Duft mit Jasmin, Rose, Vanille und Tonkabohne. Süß und unwiderstehlich.;https://www.chogangroupspa.com/product_referral/4413/ROD2B753D
115;115 Icon;Frau;-;Arbeit, Freizeit;Frühling, Herbst, Sommer;Blumig, Süß, Fruchtig, Frisch;Ein sanfter, aber intensiver Duft für starke, ehrliche Frauen mit großen Träumen.;https://www.chogangroupspa.com/product_referral/6287/ROD2B753D
116;116 Declare;Frau;-;Ausgehen, Date, Freizeit;Frühling, Herbst, Winter;Cremig, Blumig, Fruchtig, Süß, Gourmand;Ein Duft für Frauen, die Unabhängigkeit und Unternehmungslust zu ihren Charaktereigenschaften zählen.;https://www.chogangroupspa.com/product_referral/8886/ROD2B753D
119;119 Dark Affair;Frau;-;Ausgehen, Date, Freizeit;Frühling, Herbst, Winter;Orientalisch, Süß, Gourmand, Fruchtig, Blumig;Die unwiderstehliche Duftspur macht die Trägerin faszinierend, ohne dass sie ein Wort sagen muss.;https://www.chogangroupspa.com/product_referral/8795/ROD2B753D
120;120 Haute Couture;Frau;-;Ausgehen, Date, Freizeit;Frühling, Herbst, Winter;Orientalisch, Gourmand, Pudrig, Süß, Fruchtig, Blumig;Ein bezaubernder Duft mit blumigen und fruchtigen Noten von Rose, Amarena und Tee, verfeinert mit sinnlichem Patschuli.;https://www.chogangroupspa.com/product_referral/9095/ROD2B753D
121;121 Secret Desire;Frau;Topliste, Trends;Allrounder, Arbeit, Ausgehen, Date, Freizeit;Frühling, Sommer, Herbst, Winter;Pudrig, Würzig, Grün, Frisch, Blumig;Gewidmet den mutigsten Frauen, die den Tag lieben, aber keine Angst vor der Nacht haben.;https://www.chogangroupspa.com/product_referral/8797/ROD2B753D
122;122 Volare;Frau;Topliste, Trends;Allrounder, Arbeit, Ausgehen, Date, Freizeit;Frühling, Sommer, Herbst, Winter;Süß, Blumig, Cremig, Frisch;Ein mutiger, unwiderstehlicher Duft für die rebellische Frau, die ihre eigenen Regeln lebt und Freiheit kompromisslos verkörpert.;https://www.chogangroupspa.com/product_referral/8799/ROD2B753D
123;123 Sweet Rebel;Frau;-;Allrounder, Arbeit, Ausgehen, Date, Freizeit;Frühling, Sommer, Herbst;Blumig, Süß, Frisch, Fruchtig;Pure Sinnlichkeit, die zarte, unschuldige Noten mit üppigeren Nuancen verbindet.;https://www.chogangroupspa.com/product_referral/7127/ROD2B753D
131;131 Chica Mala;Frau;Topliste, Trends;Ausgehen, Date, Freizeit;Frühling, Winter, Herbst;Blumig, Süß, Gourmand;Ein gewagter Duft, der blumige Eleganz mit berauschenden Noten kombiniert und die facettenreiche Persönlichkeit der modernen Frau widerspiegelt.;https://www.chogangroupspa.com/product_referral/8801/ROD2B753D
132;132 My rules;Frau;-;Allrounder, Arbeit, Ausgehen, Date, Freizeit;Frühling, Sommer, Herbst;Blumig, Süß, Frisch, Fruchtig;Ein Parfüm für neugierige, mutige Frauen, die nach ihren eigenen Regeln leben und dabei Kompromisse eingehen.;https://www.chogangroupspa.com/product_referral/8803/ROD2B753D
133;133 Enigma;Frau;Topliste;Allrounder, Arbeit, Ausgehen, Date, Freizeit;Frühling, Sommer, Herbst;Blumig, Süß, Fruchtig;Ein Parfüm für mutige Frauen, das kontrastierende Elemente vereint und ihre facettenreiche, einzigartige Persönlichkeit betont.;https://www.chogangroupspa.com/product_referral/8722/ROD2B753D
145;145 Forever Yours;Frau;Topliste;Allrounder, Arbeit, Ausgehen, Date, Freizeit;Frühling, Sommer, Herbst, Winter;Zitrus, Süß, Gourmand, Cremig;Ein süßer, verlockender Duft, der von lebendiger, strahlender Weiblichkeit erzählt.;https://www.chogangroupspa.com/product_referral/9243/ROD2B753D
148;148W Divine Aura;Frau;Topliste, Trends;Allrounder, Arbeit, Ausgehen, Date, Freizeit;Frühling, Winter, Herbst;Blumig, Süß, Würzig, Cremig, Gourmand;Ein strahlender, verführerischer Damenduft, der Vanille in einer modernen Komposition zelebriert.;https://www.chogangroupspa.com/product_referral/11293/ROD2B753D
EVENT23W;EVENT23W Séduction Èdition Paris;Frau;Topliste, Trends;Ausgehen, Date, Freizeit;Frühling, Winter, Herbst;Blumig, Süß, Fruchtig;Ein Duft, der die Kunst der Verführung einfängt. Fruchtige Süße in der Kopfnote, magnetische Hölzer im Herzen.;https://www.chogangroupspa.com/product_referral/7907/ROD2B753D
Astral24;Astral24 Édition Futur;Frau;Topliste, Trends;Ausgehen, Date, Freizeit;Frühling, Winter, Herbst, Sommer;Fruchtig, Holzig, Blumig, Zitrus;Ein Duft für Frauen, die groß träumen und ihr inneres Licht strahlen lassen – inspiriert von einer Reise zu den Sternen.;https://www.chogangroupspa.com/product_referral/8656/ROD2B753D
IMPERATIRX;IMPERATIRX 10-Year Anniversary Edition;Frau;Topliste, Trends;Ausgehen, Date, Freizeit;Frühling, Winter, Herbst, Sommer;Blumig, Fruchtig, Süß, Gourmand, Orientalisch, Cremig;Ein luxuriöser, königlich-blumiger Duft, der sinnliche Gourmandnoten mit fruchtiger Frische und ambrierter Wärme vereint.;https://www.chogangroupspa.com/product_referral/9858/ROD2B753D
LOVE22;LOVE22;Frau;Topliste, Trends;Date, Ausgehen, Freizeit;Herbst, Winter, Frühling;Blumig, Orientalisch, Süß, Gourmand;Sinnlicher, süßer Duft mit Noten von Rose, Kirsche, Mandel, Vanille und Moschus – perfekt für romantische Momente.;https://www.chogangroupspa.com/product_referral/6961/ROD2B753D
LOVE23;LOVE23;Frau;Topliste, Trends;Ausgehen, Date, Freizeit;Frühling, Winter, Herbst, Sommer;Blumig, Fruchtig, Holzig, Gourmand, Orientalisch;Fruchtig-blumiger Duft mit Noten von Himbeere, Gardenie, Jasmin, Ingwer, Weihrauch und holzig-süßem Kardamom-Milch-Akkord.;https://www.chogangroupspa.com/product_referral/7130/ROD2B753D
LOVE24;LOVE24;Frau;Topliste, Trends;Ausgehen, Date, Freizeit;Frühling, Winter, Herbst;Blumig, Süß, Gourmand, Orientalisch;Sinnlich-orientalischer Duft mit Noten von Himbeere, Bergamotte, Jasmin, Rose, Vanille und Karamell – perfekt für besondere Momente.;https://www.chogangroupspa.com/product_referral/7551/ROD2B753D
LOVE25;LOVE25;Frau;Topliste, Trends;Ausgehen, Date, Freizeit;Frühling, Winter, Herbst, Sommer;Blumig, Süß, Gourmand, Orientalisch;Orientalisch-vanilliger Duft mit Noten von Aprikose, Kokos, Jasmin, Rose, Mandel und Moschus – süß, warm und verführerisch.;https://www.chogangroupspa.com/product_referral/7562/ROD2B753D
59;59 Baby Joy;Kids;Topliste, Trends;Allrounder, Freizeit;Frühling, Sommer;Blumig, Frisch, Zitrus;Leichter, frischer Duft mit blumigen und zitrischen Noten – sanft und hypoallergen, ideal für Kinder und Mütter.;https://www.chogangroupspa.com/product_referral/2187/ROD2B753D
58;58 Baby Girl;Kids;Topliste, Trends;Allrounder, Freizeit;Frühling, Sommer;Blumig, Frisch, Fruchtig;Frischer, blumig-fruchtiger Duft, sanft und hypoallergen – ideal für kleine Mädchen und Mütter.;https://www.chogangroupspa.com/product_referral/2188/ROD2B753D
45;45 Baby Boy;Kids;Topliste, Trends;Allrounder, Freizeit;Frühling, Sommer;Holzig, Frisch;Frischer, sanft-holziger Duft – hypoallergen und mild, ideal für Jungen und Mütter.;https://www.chogangroupspa.com/product_referral/2186/ROD2B753D
